{
  "cv_accuracy": {
    "mean": 0.891860119047619,
    "std": 0.001701858824914556
  },
  "cv_precision": {
    "mean": 0.542486999632043,
    "std": 0.005133917864388396
  },
  "cv_recall": {
    "mean": 0.7719085777569619,
    "std": 0.0074238898322832305
  },
  "cv_f1": {
    "mean": 0.6371557262442197,
    "std": 0.004919712279733529
  },
  "cv_roc_auc": {
    "mean": 0.9101132862288251,
    "std": 0.0026016384889238605
  }
}