{
  "threshold": 0.5339325439703139,
  "roc_auc": 0.7494525845154543,
  "accuracy": 0.8319953005678481,
  "precision_no_default": 0.9174640875145591,
  "recall_no_default": 0.8899842708079487,
  "f1_no_default": 0.9035152823696107,
  "precision_default": 0.31813812989152823,
  "recall_default": 0.39065924801888385,
  "f1_default": 0.3506886635386711,
  "confusion_matrix": [
    [
      40173,
      4966
    ],
    [
      3614,
      2317
    ]
  ],
  "business_metrics": {
    "total_loans": 51070,
    "actual_defaults": 5931,
    "false_negatives": 3614,
    "false_positives": 4966,
    "default_detection_rate": 0.39065924801888385,
    "false_alarm_rate": 0.11001572919205121,
    "avg_loan_amount": 127798.53943606814,
    "potential_loss": 369491137.21756023,
    "lost_revenue": 76157705.62074172,
    "net_impact": 293333431.5968185
  }
}